dist,corr
95,0.16093323879680022
7,0.9920880052977736
67,0.43441749484810926
84,0.25873688787366944
181,-0.04560185884439363
40,0.7170213923674145
40,0.706211447011306
121,0.07666465360135753
58,0.48912529350220685
138,0.06728207835201382
19,0.9211181110876155
133,0.026182228549831384
63,0.4043696938511377
54,0.6188934950639404
151,0.0014521410830827793
187,-0.005615806957495091
172,-0.024431155034648325
87,0.21141494932917493
49,0.6038462596247293
148,0.01579584392899062
70,0.4074545625646201
72,0.4288681359692116
47,0.6723459614912272
93,0.19062908655489313
36,0.7708087006423042
159,0.020201176926118225
77,0.33770665682920115
148,0.00012926939471590623
66,0.44571416554889126
169,-0.08084421070384679
155,-0.008936309063849996
176,0.027351421759862778
172,0.044773968965036715
17,0.9493407117271109
97,0.21210796657762887
107,0.10068883788773286
58,0.40129963182254913
199,0.03023978558027374
85,0.29962331871934145
115,0.06145952783097499
153,0.024760354975743838
58,0.5434550795075158
19,0.9263068769620242
161,0.10235910727023122
124,0.008880514642058152
150,-0.041506157649087744
103,0.1789190453129032
18,0.9367091959242091
49,0.5579731571309258
11,0.9745142562459689
64,0.4135926309345375
127,0.020652484792043003
103,0.16114641977541674
22,0.903898851969402
10,0.9799592926155882
127,-0.04316716437190599
123,0.14425303117339353
70,0.3301618863406211
7,0.987884648489214
10,0.9778829756685948
127,0.0810215989236288
128,0.02233366262143228
105,0.07389937507917026
102,0.2067273353327537
165,0.0038439540383825334
95,0.24593514454532336
165,0.08969738790598167
79,0.19262814582761345
41,0.6956935881038344
98,0.14547264898415502
51,0.617180347183963
9,0.986689468827592
141,0.01732403618297276
55,0.6083596668835023
129,0.019587473798397613
119,0.06999025874520112
34,0.7993410088686151
75,0.3713396614720675
133,0.042127576304438225
50,0.6060493977016022
157,-0.0037346041123792854
65,0.4944859052515558
88,0.1436452991804223
135,0.09869509037492374
91,0.23472716336364288
194,-0.04184960908686278
197,-0.025209114567043917
143,-0.06035196331628876
88,0.18532034714464093
189,0.004107805370628543
52,0.550517864024638
116,0.06787815933502152
85,0.17001917570544053
132,0.02795808773832828
174,-0.026043034857127136
149,0.02871911783804334
95,0.1931050378565022
132,0.05849049318751911
167,0.04929755559774611
172,0.02775351998358685
34,0.799447419959163
120,0.06684715756616312
45,0.6995941629088572
74,0.2811396727115323
118,0.07078039960543958
124,0.08423182824604558
54,0.5998416958848897
62,0.5143034993412265
57,0.5861138224335041
169,-0.0352683486200132
25,0.8851026960700795
54,0.5504299547185993
21,0.9333539646516646
95,0.09648454003883195
153,0.019431297127351036
32,0.8058523392487176
83,0.2273182276460173
118,0.06539665069427819
65,0.4060131143553415
175,-0.002793960970890114
108,0.14896575670061227
29,0.8751359415395054
21,0.9098287799232596
192,-0.017477432706429923
54,0.5505605511198004
18,0.9291661632367293
43,0.678939887192709
80,0.2937298456201773
114,0.05902137569862651
132,0.07444656027488979
33,0.7932057152039171
125,-0.0031932938650843803
132,-0.02185881971654008
194,0.01853220526202219
172,-0.01673493606373083
79,0.2680651547350615
173,0.02862391762040741
141,-0.007346232318430671
40,0.7384845529096852
116,0.16715354599192167
186,-0.035754952458635525
103,0.04201473799158028
43,0.6754185571192655
154,-0.03519358452657408
23,0.8889577505704621
95,0.20470301378388334
142,0.059786255653148275
19,0.9276291413754935
42,0.7078776755938094
115,0.15651283923506476
157,0.003625223058455122
106,0.15573397828816712
101,0.20247054325995062
80,0.28585297224201534
187,-0.016627716099359723
103,0.22636210467612888
109,0.08302335921042252
16,0.9477011795128896
165,-0.01440942355283783
187,0.003913855808084737
38,0.7827333419671977
99,0.1921647105573256
131,-0.017036387225752743
23,0.9016026882816337
143,-0.02488199244881607
115,0.13514154749645518
62,0.47589607898171477
105,0.1333118627537635
18,0.9494411443832331
193,0.02190286107673866
115,0.03893235720708874
94,0.206875464313365
8,0.9881502678297432
37,0.7497316115788303
147,0.03847902678744003
115,0.06049552977177977
92,0.18292860355895163
181,0.057816645152554684
14,0.9572857071902078
42,0.6946875764959101
80,0.31625757976846713
36,0.7839790011621678
118,0.09587968166445496
56,0.5295836966734236
54,0.5781036204482576
88,0.17283691916274524
172,-0.03596391906517754
123,0.1391811537185771
57,0.482356983802062
131,0.1230096253537543
62,0.4576759729436702
36,0.7731509991637379
177,0.0495063450751197
128,0.07573632305948956
179,0.012409033727449259
16,0.953705116605345
181,0.010492834889682405
38,0.7577020594906135
129,0.03258806707994628
161,0.05584193086537634
105,0.20123804488798167
132,0.07256935139781351
108,0.14803963788234706
152,-0.0006909241506444407
54,0.5636898828092707
40,0.7330988684030718
98,0.13551173362813987
144,0.02269869222756765
43,0.6924681851134676
130,0.04367763666941864
149,0.062473032184391826
169,0.009692999263527015
155,-0.05682865808420177
145,0.06254469905376668
76,0.37730186724340065
18,0.9395412637852885
54,0.5253451459981925
94,0.21282854454095376
91,0.21629018037181494
69,0.34410849080280426
147,0.069200130800024
84,0.31020301929480304
102,0.11365229795197061
190,0.031898186139945946
93,0.15448916099445603
85,0.25124403210026447
99,0.29181848373113567
58,0.4978516837242327
75,0.34479085935639836
119,0.03327219121817396
136,0.0989292326746561
12,0.969441083927851
182,-0.0029011699295775854
90,0.13898268217157791
91,0.2171261036871634
133,0.011105641511266029
44,0.6803088800837549
153,0.038851259233088666
192,0.020645797826279268
6,0.9932756578109022
19,0.9282132057638153
190,0.001295714685892603
64,0.44854575056731727
129,0.06659697857920621
160,0.04648003058477583
83,0.28836257863618714
161,0.0285011363847735
180,0.06438980779461737
65,0.4487874165634371
79,0.29186708054652993
76,0.3771632263008319
111,0.13341383773360327
89,0.199216783267307
82,0.3064326779227875
185,-0.013684318744838227
169,0.017971572894832095
143,0.012317757118355718
13,0.9668736993359983
30,0.8269533729188354
102,0.15988779996492755
133,0.017169663662464616
22,0.9138699153666033
76,0.3152346398976488
123,-0.002810619810632722
179,0.022635331375642234
161,-0.024743183411535228
102,0.18169197564688003
90,0.1974165441348039
162,0.039099199028622585
24,0.8877109219970635
24,0.9121011827694272
114,0.03994178354265079
39,0.7368571050196663
52,0.5235856899534881
137,-0.03606829082679538
28,0.8602845626595325
120,0.07825045617993905
24,0.8774998864468851
121,0.02128939102245908
79,0.3295333102313486
199,-0.045066659017376186
6,0.992698890772793
99,0.14479232675944345
168,-0.022891362202543838
139,0.028745219267408022
160,-0.0007776945798376778
154,0.07445614103976214
90,0.24162893264724672
195,0.03611848905819855
178,-0.031886839096758005
185,0.031396377265780324
104,0.13640037833773347
100,0.24154994830321969
177,0.0073857810490903664
111,0.14758671917557745
89,0.2548065275971662
189,-0.043636821140955226
199,0.036982587237776456
106,0.11761981625193436
146,0.049556982906752686
138,0.10231751742970996
179,0.020540703895859727
165,-0.02297283718659171
184,0.01381363510173951
160,0.008774255241800052
192,-0.050240975076310763
42,0.7546661542389124
116,0.14253440888436558
164,0.04753458143600631
80,0.340822698609122
102,0.25863162601679485
166,0.02420578646772713
66,0.49533084537138194
193,-0.02371197783603526
112,0.15325190309702946
35,0.827900967613783
129,0.07473040514346352
107,0.1911338944284419
197,0.005885202393818714
196,0.09605550427270541
46,0.6962662815734276
125,0.06691904923998902
195,-0.027389487035752492
173,-0.03350402775630893
188,0.014773466210316957
97,0.2388013454781051
149,0.09904640998423123
79,0.36375170297772547
104,0.18329673134098476
123,0.1140621578179339
7,0.9908441525597146
101,0.1484010112851854
120,0.12497890862009095
43,0.6865313735936073
10,0.9840491573022897
6,0.9948313996912959
80,0.3105190771216483
117,0.0981828830139425
112,0.06326775896400332
177,-0.04702775778199428
195,0.004151021171949486
104,0.23708726274372338
190,0.05888912440887726
34,0.8038192675192212
159,-0.038215783234664846
57,0.5644463264137182
51,0.5915910079289259
61,0.5609290167500265
20,0.9345403919329532
168,0.036669015869410654
43,0.7145144053911192
68,0.4690214375617146
196,-0.011320123041192875
181,0.08330475131577196
84,0.3656052023641989
77,0.4031844682989043
105,0.11291425603364781
66,0.5067549834477751
128,0.08303202116274823
121,0.01856590414022835
133,0.042393409604018245
147,0.051976198725994925
193,-0.0418333611070499
132,0.12251300244493805
107,0.0849105167583548
106,0.22142551504349892
8,0.987224565384619
147,0.1166302029164651
128,0.10351184743738782
137,0.010541716071649136
32,0.8188149490033119
134,0.08592648130233757
39,0.7366507577187534
61,0.5339085322526126
31,0.8446306830915976
73,0.33599476754525787
135,0.08518220136855537
63,0.47461580713882
45,0.6924279260532273
13,0.970515116700868
142,-0.027753838605322663
121,0.09847539845172427
52,0.610196198640952
144,-0.03042919048704315
11,0.979368003292169
19,0.9371317625134103
189,0.079350755585784
163,0.008513548057149859
32,0.8482706084689225
87,0.255903958549758
64,0.43712067779525865
67,0.5377056203269751
104,0.12748225657105633
126,0.0910574377022207
167,-0.018805951705961336
81,0.3495190891242101
178,-0.03739877873201735
21,0.9312933649591087
182,0.020137759584449095
98,0.16470012531883638
178,-0.018984837721458786
96,0.23992697584347325
63,0.48802686965964315
54,0.6129462920217499
193,0.03242623141021772
116,0.1284481983722292
83,0.3445981608060912
185,-0.0060455297996508985
179,-0.025552209652145358
23,0.9039254154380685
68,0.48767137679179773
125,0.059178805232695295
81,0.3617297550072028
86,0.2734275004627323
102,0.21149291261159472
146,0.09831746073269539
99,0.21574811785038606
81,0.26743000532138417
133,0.05633424233961666
10,0.9811024366010881
6,0.9931490440398572
17,0.948986107704175
129,0.11011396711995629
195,-0.04333641589825376
196,0.06057364291159722
145,-0.018132443732535725
41,0.74681810089484
105,0.1819417379078772
11,0.9777264659898394
110,0.22529944596831145
187,-0.016292322658050865
134,0.045615839327784256
19,0.9366376029569172
68,0.4581564998094558
156,-0.08871131208951476
107,0.11878366934216653
73,0.4099025621204346
178,-0.05051382298203581
101,0.11946458474060112
67,0.46267056338672286
53,0.5978948435758759
72,0.36150524451320476
197,0.06518966506907437
165,0.06593268007335323
68,0.4927885038461274
92,0.2645764464567662
190,0.06119566019997946
64,0.4735636857808149
166,0.021621426734752557
125,0.14025194960105386
53,0.5630482364101704
48,0.6009033735094177
85,0.2464861114827601
176,-0.01254007584513968
189,0.031818484216254966
184,-0.05961033218519467
49,0.5979088249510537
139,-0.003863968261766381
133,-0.03410905009518558
29,0.8311130330065766
63,0.5096532202471582
42,0.6727959214222348
95,0.20359257493088367
44,0.6381814789272325
149,0.029528104903694088
26,0.8830236599848285
96,0.17608324991213906
103,0.18842695707871784
51,0.5543573001817379
19,0.9149999982359773
161,-0.02076008522440095
61,0.49875285920616275
132,0.05332498746570998
99,0.09887271830565514
158,0.05798717596509118
65,0.45349519876922106
199,-0.07483175288886601
65,0.4626921460801947
79,0.3002727532916798
113,0.045329543353356046
110,0.09844961681860287
56,0.5231383788117282
181,0.017243217085672446
112,0.08692844748500556
130,0.05338128362396451
101,0.17811740303289608
98,0.23621249691556975
111,0.09519610224137295
56,0.5246133144959849
13,0.9715645654018258
110,0.07121765526681098
127,0.06401589716066845
171,-0.031573151011237435
147,-0.022850308922255935
17,0.9344036929871217
32,0.7722382937572967
113,0.12836542416400157
191,0.07708630490937386
39,0.736291078006197
145,-0.012139317888896634
68,0.42681045053133443
85,0.24915310649956943
11,0.973739386250514
46,0.6376276957840473
67,0.4417549887655261
52,0.5654792735963996
178,-0.049366059737745445
163,-0.06901496823682014
84,0.36366104622946566
145,0.018318422636455244
91,0.3061572390808111
81,0.27205768960234344
98,0.2897887801063202
153,0.03773760408285388
134,-0.06106206920395494
197,-0.0023841527686295216
191,-0.007491924966273693
185,0.029851045974944885
107,0.06913173121087168
119,0.05394035673513372
145,0.019110124450455852
121,0.08404150034031511
33,0.7865761735578136
74,0.3984986817941123
40,0.739721206884961
176,-0.05625336531356697
192,-0.005660684989140435
71,0.43160559345337046
44,0.6748071588300523
48,0.6080137495250968
84,0.23770461001518242
38,0.7476348441338142
81,0.2476070094213544
42,0.7039143345494322
126,0.08681058053440151
36,0.7350588980272706
45,0.65861009007492
103,0.18528588438436677
54,0.5499557273944423
137,0.06008978964455865
30,0.8451600451229547
152,-0.08200643926182517
81,0.3607373694169433
27,0.8322648074855377
81,0.37154978448693177
53,0.5297719942198583
132,0.057422141742466654
151,0.02638047773753874
75,0.30316491967550785
178,-0.04755036290895893
16,0.950783709879321
117,0.04070681530430744
151,-0.03517245424008228
51,0.5648090864764947
191,0.03247541142917185
115,0.13798055088862077
10,0.9788381979548173
69,0.41390761281607935
122,0.16312003672444286
64,0.43713582227482434
54,0.5122819011142716
158,0.014823446758116296
65,0.4123163339077649
146,0.015495525271363768
72,0.3703552802868569
82,0.3069263386003729
122,0.12405560761911313
36,0.7789302661251728
149,0.04179889675324653
93,0.1838177572644961
38,0.7442951489362474
172,0.037561716162444345
110,0.211127137915781
15,0.9523561168680281
190,0.017987571695608967
29,0.8380393449560873
88,0.26753177208884327
107,0.03401733826261827
15,0.9558072711342516
149,0.07536606185764316
57,0.46927224315220006
111,0.07650806845392813
112,0.07536778554953648
113,0.14714879388598398
57,0.5252781672146398
82,0.26644138997972844
114,0.0596003033515228
43,0.6950454639039954
165,0.0426294682700009
194,-0.04400511001439405
170,-0.05128209871648369
50,0.5722874733387168
163,0.002440082604422928
46,0.6372314226745974
144,0.05379172445051431
42,0.6932796619755456
72,0.38024967959434386
134,0.0073721025193793695
139,0.10554422866007161
7,0.991018325640285
16,0.9540328703987528
108,0.20024706567910408
42,0.7063960038989082
137,0.022121610496066854
41,0.7072368699306888
180,6.883078074098775e-05
47,0.681770863712144
11,0.9779175631122093
36,0.811823313100608
109,0.15702920258020006
88,0.2942476808237061
158,-0.05172410766729405
168,0.04154873538985089
60,0.4852147675017607
194,0.023422764293971436
11,0.9771203419353871
113,0.12771340187582422
30,0.8629823142095413
75,0.45941712274972285
75,0.42945015487057975
92,0.27399391627009945
7,0.9920339443931954
84,0.2519401916619206
123,0.04503236280485915
74,0.36461851256599326
96,0.20695291697807075
42,0.718027041906411
113,0.12621393681667095
189,-0.027005353598870935
92,0.23748594000606857
37,0.8176478278704493
59,0.6216212468561064
160,0.06861593871374326
82,0.3673233488480403
180,-0.021031924454534556
19,0.9342134023503643
84,0.38116666710748215
143,0.0254729457954149
24,0.9188164832447809
198,-0.0006671220073857669
160,0.01522176412708597
58,0.6197156683681543
117,0.11172743608890498
66,0.5090937469527509
50,0.6628500857479838
181,-0.032403807919823675
23,0.9166114978732346
105,0.1279993447759823
55,0.6109361894092287
144,0.15674497529898532
24,0.9239175829768751
9,0.987512137691435
42,0.7231909484167701
172,-0.03312009235184031
185,0.051411980970308635
33,0.8097929496636989
111,0.19297560092620217
6,0.9932638653804918
66,0.44998212747943
174,-0.030409981843576028
121,0.1331948586571059
135,0.15415751587350443
136,0.08999443643837284
95,0.23647203536269926
41,0.7056645871864514
176,-0.04086520622284747
92,0.12106696588550268
183,0.053372604288497376
135,0.008119966466666012
77,0.4039751405158243
12,0.9744988333253782
10,0.9831919129213805
93,0.24998325125795273
102,0.14573125154244335
46,0.612642527720819
12,0.973927007252946
56,0.5993788203972452
60,0.5477062906872702
67,0.5019747797373574
84,0.2540995626967999
87,0.2589962881616741
102,0.26688032748120183
28,0.8813759000301203
108,0.18106981723252696
188,-0.014161555283808488
157,-0.013266553759589706
154,0.028150285400707648
40,0.7426636716997616
177,-0.043838121322526645
107,0.11744659002904743
12,0.9758331587150614
197,0.011403726844362784
83,0.3559121913962444
33,0.827846384979267
154,0.014213933338240819
67,0.4894088854869959
86,0.3328147676963292
58,0.543222161472079
33,0.8322030981324559
133,0.07939132939501693
134,0.055505009411713914
80,0.29864617544086886
194,0.014861845059667783
78,0.388454223280597
33,0.8259060959434682
42,0.7380156206205437
46,0.6773335511391197
183,-0.06837404308703697
18,0.9361563917838931
19,0.9213898076758723
78,0.3720167433243199
177,0.0366124157957845
77,0.3871712707885259
97,0.2129345291268764
177,-0.02459608975404307
6,0.9927247296151295
50,0.6124338820274554
53,0.6445136815464144
152,0.058542932254070285
184,0.06234224354816872
85,0.31860907370192687
66,0.5064456349849988
38,0.7908540827583066
117,0.12963215064896744
45,0.6863185184715768
147,0.027466550646662695
178,-0.010002517739941291
77,0.34021112119143043
163,0.013917669355725143
155,0.09657544486867846
157,-0.036192602945560336
161,-0.0221408290937982
80,0.32785550439246075
71,0.3368283566389398
78,0.3612081173902176
9,0.9851363282366828
105,0.14997609915276067
54,0.6229601303900019
178,0.053765487710813416
165,0.04178895413213794
175,-0.05619964035705616
126,0.0671995800213838
181,-0.037843539457591446
36,0.7911681979932673
191,-0.05504764434094126
14,0.9646025661063803
43,0.7020319803916046
81,0.34695951445315165
33,0.8382510993637068
127,0.001625954810885306
61,0.4333083381710931
180,-0.03500536912743256
12,0.9672998480287176
97,0.131606086035593
56,0.6002371770513213
113,0.1528992419949526
6,0.9938459309413366
89,0.271849176980947
49,0.618444337388366
21,0.909813859801439
160,0.08792607714470367
123,0.07813361717316679
103,0.1251410474007849
28,0.8664110036218761
108,0.1733823408398455
29,0.8512810493176274
99,0.2349889227113214
75,0.3027345274767629
52,0.5973410947361283
87,0.25610579547191437
50,0.6663717985313198
55,0.5965615169092892
126,0.06719217519690977
85,0.25196570328352275
164,-0.015597674099218074
88,0.3230227565544812
146,-0.005423281122603621
130,0.03585705333764976
52,0.6501021187511212
107,0.10525597663723757
141,0.09261740823452753
39,0.7813022804711697
69,0.41730581946092893
189,-0.07534095963072318
182,0.08035833261907786
183,-0.0041934344189047115
5,0.9956574560120722
82,0.36555770054137027
84,0.2823582969454105
47,0.6349428126787112
13,0.9598928803892351
95,0.25099084571962815
115,0.14004783620007535
82,0.26886809098897446
131,0.05776985111127633
165,0.09060096226799623
47,0.6935365220095502
32,0.8323141886269447
54,0.5654810834899101
190,0.021586393372118897
27,0.8614940945150112
163,0.04626687484433481
111,0.18745735267177835
189,0.026417059211573442
142,0.0003479972288286315
69,0.4176073710870019
163,-0.028945698720900144
156,0.009559949093383065
99,0.23410170568979358
182,-0.004617045122651091
60,0.5249097507158959
86,0.2909662270958318
6,0.992742112691498
196,-0.007287678595801125
49,0.6416557795625482
87,0.2676695820759548
13,0.9632290500128299
150,0.03344009181947538
25,0.8734214343672885
63,0.5633665439090201
165,0.08100768190131384
84,0.32439811218795217
197,-0.04147920076538521
6,0.9921035901491021
5,0.9941090246093653
40,0.7148649732430491
63,0.49713949738516
65,0.4636440358407083
108,0.21323316054831518
180,0.05148299093447764
146,0.06706678706206158
187,0.012363574774412354
24,0.8998605117212114
37,0.7662673977372818
71,0.4857606317262242
5,0.9953799741824704
66,0.46146512117635513
106,0.192749677010499
139,0.06294950129991005
37,0.8118040555356536
99,0.22328799194721896
165,0.027140698576235935
111,0.11886295730724787
87,0.21249118609818676
34,0.8174847252516773
128,0.08589070018353237
149,-0.004354916163409777
12,0.9714462151587656
160,0.060441842131949246
192,-0.009453946268313751
157,0.04330297665061043
15,0.954541872595308
156,0.09515397832130744
171,0.07580420239312069
156,-0.050136213921968514
132,-6.976793950262133e-05
69,0.4793186393640505
68,0.4835195600320095
180,0.03848891452988009
54,0.6322115500971736
99,0.24821349421542424
52,0.5567008363847702
102,0.1508542468259549
168,0.042959271893112196
61,0.563445265575492
146,0.002282693976259054
199,-0.030838425511010535
108,0.1838124327779182
182,0.027503827289868683
113,0.14321686939267564
118,0.1464061824740654
125,0.024739604727916267
100,0.14167738727750642
88,0.3066567917086118
70,0.4068556965778179
58,0.6246941981158716
157,0.07222726600337132
171,0.0166943947524345
138,0.06523180459305829
110,0.1048490318226677
127,0.062123397894069614
114,0.09132853469622464
193,-0.03254446208055408
179,0.055893933551616995
198,-0.017639369556890556
106,0.18077337856660938
103,0.1444779394118388
170,-0.008475883622758933
81,0.27865310707174085
145,0.035801100913371554
186,-0.0064893588622094356
126,0.14143123580544428
94,0.22325821456338954
34,0.8112609041660347
6,0.994376813533515
53,0.6698475058691219
111,0.11426699492797936
47,0.7042634567270373
172,0.036956154946447904
84,0.34436028870353913
62,0.6007089774119594
185,0.015028468629686377
47,0.7164827986992854
173,0.07470395753501662
196,0.0170932519085227
58,0.5989133961794473
144,0.05485588183457261
192,0.006413810627739604
97,0.2591171027354263
153,0.05532064045833939
121,0.15925946076606323
121,0.06039396999953986
183,-0.020527039531341402
173,0.013323889186119538
97,0.2779911190492193
186,0.019936943635112572
86,0.3311566094223577
53,0.6429489715490347
54,0.6784143134362678
82,0.3680213726653457
42,0.7766658272963117
31,0.855949266420475
25,0.9105514812950924
7,0.9923074158701506
62,0.601206645102462
151,0.07650795693293407
173,-0.023526703029292467
150,0.07367552493921788
64,0.4904281490699254
38,0.8003683257436829
105,0.20023153326971718
78,0.3663980035712761
152,0.019932205088443164
147,0.04543287092570985
81,0.3676789996047197
140,0.037718164232430344
40,0.7717706152063503
167,0.04135368015253385
32,0.8447455224938948
18,0.9480722361699391
38,0.7960652319803111
74,0.4264916045741679
27,0.8921925990962857
135,0.11098342550651949
123,0.019523192987090817
82,0.33837337666862566
13,0.9699661064652471
69,0.5421266262551608
76,0.3583692010096563
196,0.05410343690517655
5,0.9956308000718497
158,0.006034568365509504
199,-0.024944826154206155
173,0.021573566579025056
156,0.06572860841769049
82,0.302612740288557
44,0.7400237455089356
197,-0.001453848905302396
8,0.9887471058165702
88,0.32528166621810267
20,0.9364849763931931
134,0.0812334988499902
166,-0.01048473373297668
126,0.10970389686953894
31,0.864017837794914
58,0.612614483120833
75,0.49949933045838196
87,0.34137120967696083
180,0.06878722069336443
86,0.2951804268024607
177,0.014995034490414937
88,0.3062035586760509
175,-0.01830298092189108
199,-0.017520142478113773
5,0.9957210300491552
101,0.3018775793757411
95,0.27074635821377085
107,0.21872284804730002
89,0.31804779234852065
175,-0.000722687422147142
97,0.2539272419557878
46,0.7353100405345133
63,0.5399181386575316
199,-0.041680306903497825
55,0.6624173022312445
133,0.025929238036168565
55,0.6788445384119371
175,0.02411738435283693
95,0.26836776582428934
9,0.9860588469144395
166,0.03722757975258278
46,0.7241358953233255
196,-0.02850295632320948
27,0.8956810768549822
135,0.11644255622615945
31,0.8413948072985898
139,0.04526465503794678
30,0.8567600049966563
117,0.10381662926843081
39,0.7906102286273102
181,-0.11415591428737362
167,-0.011623292146096299
12,0.9745642945600091
176,0.0414835060987761
148,0.06490541466384064
110,0.2507756941748749
169,0.006494599862103168
85,0.34119716077306567
120,0.09954506844854427
11,0.9837222112963371
195,-0.018318583089932956
18,0.9462769904967289
165,0.05581714126526419
23,0.9192859500435402
9,0.9868805539572978
109,0.2140995102345736
11,0.9783319092133258
197,0.06314345175742114
199,-0.05978606545624829
182,-0.014368641836774656
27,0.8866260662237055
49,0.6771116011962941
27,0.8902967221204787
152,-0.005183203031224652
161,0.07856995657365186
19,0.9482825775789577
120,0.11780824000781866
72,0.36767159425165674
30,0.867050453592974
114,0.1751042644527852
156,-0.004266109872966673
100,0.20020785487304377
159,0.03161664414033091
129,0.14036082688036172
118,0.043152006076051616
149,0.0346709709393347
10,0.9808438647925832
45,0.7324082154915429
50,0.6515605217958356
79,0.40311587091312795
172,0.016895749468717126
186,-0.046480259311712895
105,0.2456130642223771
113,0.11416732544788662
125,0.10989145563070031
52,0.5977179635787863
188,-0.0011254125191490858
164,0.08900135459018146
112,0.18585884284642618
134,0.01336607233758305
38,0.7906248396228865
140,0.0020381372316295742
70,0.38119842711118995
150,0.007476757766095233
106,0.19858419330687802
120,0.043393972582453755
141,0.056702117995415705
68,0.47346037083075926
29,0.8576752586679689
37,0.7870932205637436
104,0.1423406840630923
141,-0.012862742958537603
39,0.7797093957908315
59,0.5287503372465956
99,0.16334335762607602
110,0.02986039300534719
109,0.20866351202248576
52,0.6046756571834918
153,-0.020767136105573868
26,0.8752996741291867
115,0.13479832309284537
146,0.12118780195809148
197,-0.031850543019783836
126,0.11911144154607675
181,0.06656713875479689
89,0.16800461927830665
44,0.6877535898530516
30,0.8210155600854067
47,0.6607927314167136
102,0.23697509954841037
189,0.05101983172921135
10,0.9798412889195086
145,0.007398151052121068
88,0.19070411410360855
75,0.34691153066122066
65,0.49677587172764853
54,0.5827384226690001
19,0.938548541510238
20,0.9159081808612761
27,0.862958886388748
63,0.5546919350020694
145,0.046915223404496956
194,-0.03776008858463861
52,0.6489587309330761
83,0.3209025880721584
108,0.14079159905551455
125,0.08065265563896115
28,0.8740494822483266
118,0.14215736444847824
144,0.08188200600821821
110,0.13040074602413437
53,0.6332207673497197
24,0.8893548984758899
34,0.8055860507187188
177,0.017235702648267744
91,0.24862888251734477
87,0.2734409530019423
187,-0.1255783508694565
150,0.08976528183468699
68,0.40099226158478457
112,0.14485279985795957
93,0.3065264690642088
161,-0.0022907971448605426
154,0.023686992878236918
35,0.8429998068429362
73,0.4101728838555613
67,0.4464618097999951
12,0.9753311332615416
97,0.24030413045769788
110,0.09185451921536589
173,0.08744697758565033
158,0.05256312288986411
93,0.23452957870503247
22,0.9037690670827513
56,0.4919170417479354
189,-0.035697229573449146
18,0.9397105858919373
196,-0.015581990608750882
53,0.6094880943919073
113,0.10996037202252723
39,0.7374619991616195
108,0.12196453382909415
112,0.19150009784571376
147,0.01660861091013857
98,0.18194088824695367
27,0.9033387190520815
106,0.19893937592338357
136,0.027529751941443654
146,0.05030648288122039
173,-0.03582994474168204
23,0.9020760429504694
50,0.652767951041526
143,0.08726978326801411
105,0.15122904184910144
118,0.06723139390394164
39,0.7593735368622735
101,0.11155169684761995
20,0.9243771630106512
163,0.043705646515360796
54,0.6549584961053199
27,0.8746263017491168
20,0.923162034308793
107,0.17161383609606573
195,0.024829712377799937
199,-0.10674455328245523
39,0.7604944786293613
51,0.6736149428441613
184,0.00022493002514440322
26,0.8666415182374623
58,0.5618249020052797
158,0.04720907278187564
139,0.09607617917858087
59,0.5817670186592123
156,0.008631368316593844
160,0.08708197622233324
191,-0.019052934088626496
180,0.008082371118752435
183,-0.03220511785564594
138,0.11298072569233321
61,0.46704422871091206
56,0.612252980694223
195,0.014089631230021743
112,0.11427829720486904
167,-0.022406357694199904
199,0.03498579740556
12,0.9714401280094185
101,0.1362309835134391
139,-0.05220068430975997
143,0.04252225765651284
114,0.08315226073121461
68,0.49992376682979495
80,0.3207332938832521
57,0.6227036961324119
167,0.07750291659770088
180,0.11330477860589258
47,0.6631683773965465
67,0.44943987074349245
119,0.0824057349356786
141,0.05386775428004443
193,-0.028588130493781068
196,-0.021985683769495258
24,0.9056552651895794
164,-0.016975741236432553
188,-0.0037821400328021003
36,0.7704193592078529
9,0.9829020373586737
135,-0.06747201374073622
173,-0.08246678266183245
187,-0.09693442250939684
117,0.08647568598917882
136,0.0981856133847121
112,0.14188177472148886
165,0.05987621274443201
114,0.09173251214202219
124,0.052090539254494986
199,-0.033088048051794806
139,0.1065997387301529
116,0.058037951846484276
189,-0.008365569664427875
182,0.04605041702650742
43,0.6969442653764323
94,0.2631152329792738
72,0.36079895610499046
114,0.12427835840152258
112,0.15306951945142694
66,0.46843037769890233
119,0.10285416060477238
16,0.9530951788207883
146,0.03260852550476586
145,0.026058872391240745
182,-0.0652802677175705
112,0.12799411747902018
17,0.9395126511572066
110,0.061551721322699475
129,0.02267727411564726
26,0.8794489358329549
134,0.02781496188976016
168,-0.016365355507318442
31,0.8287340988959564
43,0.6920139422743986
154,-0.04079120398484028
43,0.7678145942919805
190,0.015624066050491148
159,-0.0026882452224764033
149,0.07484257058939253
142,-0.035355763128927103
90,0.2894164881082595
55,0.5740995935200289
42,0.7370948362925673
113,0.1225614953831272
26,0.894076031148446
160,-0.03171043239303485
117,0.1777289123297099
124,0.10250875869510034
26,0.8679507462891538
12,0.9727943464289195
13,0.974602960025416
79,0.34164760303641095
21,0.9057888092498196
96,0.2080881326791717
172,-0.03217554441044832
158,-0.025645233528182945
77,0.30164760183861156
130,0.02879410793170934
110,0.14637164498036812
93,0.23016042389317015
95,0.18146839510707904
135,0.037348502894094186
61,0.4816791794922909
188,0.08755455215622727
95,0.18911751748183045
42,0.6698535960637949
193,0.03870739221235632
111,0.1759843872498297
75,0.3851650746686104
44,0.7159357720357095
18,0.9418231166319682
23,0.9018118685411824
44,0.7011994718490209
122,0.0882896157623133
51,0.6572907461117574
7,0.9913943541099749
105,0.062132691192615004
187,0.08330633940663897
41,0.7756998469542525
181,0.020064051616640696
89,0.28204049571917095
125,0.09209501738905944
123,0.14020693594393854
47,0.6456808452871041
123,0.006001248031260054
198,0.0012531328619541785
83,0.24870381230330094
186,-0.009780362499017734
144,-0.11165509568652673
15,0.9566248868280439
132,0.05843493389104097
31,0.8106640310239966
122,0.06079335665285415
132,-0.023829643586395863
106,0.13111236424936676
36,0.7518703054491978
86,0.22236318469477714
114,0.09994019081534485
79,0.31649857697455724
92,0.2471634100166668
42,0.6801068708708845
162,0.00431833233432545
101,0.18083161299127676
137,0.0028305494823504616
89,0.22972495109715188
123,0.1762667197608569
177,-0.01346616591248825
25,0.9035414760428542
122,0.053066426969353334
73,0.3674032007176264
30,0.8159848488542115
140,0.018929574867061927
76,0.3525813602735228
34,0.8044442010640446
101,0.14613792166618958
70,0.3781752496271996
130,0.11301928319505845
54,0.559064176528262
77,0.3114541043728673
172,-0.019185181488794813
101,0.2100675952596043
71,0.3641456673640617
100,0.17752238386399458
92,0.14530316330753282
124,0.03612966078966752
69,0.46502918630978357
169,0.09680962365332914
57,0.5195281112599568
192,-0.03712019717473528
20,0.9219611054096608
40,0.712897104761342
15,0.9550150663309741
174,-0.024339764428886898
147,0.114570898890762
175,0.05440595683442077
44,0.7096920952922023
59,0.5238161998452301
192,-0.010216806413568823
197,0.008944218468585199
50,0.6254973634770087
56,0.5179741989325148
47,0.6837419574218151
63,0.5239229219628699
122,0.06170707182374101
58,0.5487760571872221
43,0.7539981847152358
35,0.8224798596519483
191,0.001740979609563479
144,0.04185250655409104
155,0.07052363140052356
181,0.029030669011929185
105,0.1285335981914104
45,0.7371170773386744
155,-0.0038888150426875114
188,0.01661260927306122
10,0.9845368843873857
54,0.6322478267584096
69,0.4790813653698727
16,0.9565697229026574
92,0.29248067827168317
184,0.014960830900657933
13,0.9729616892679942
135,0.031873298913218884
27,0.8852808744113573
142,0.08018112869580078
67,0.4634676176109311
193,0.03677187143489799
68,0.5012643440212552
92,0.32207069131321786
187,0.01675417198387171
33,0.8162979716915945
47,0.705025955295967
116,0.14642640329348994
124,0.1143990215316031
140,0.033954604025667884
187,0.011225150083745458
66,0.5255474435525663
56,0.5999808485138556
6,0.9939451337431275
82,0.3160701842922334
134,0.10837389785840551
100,0.2011554568601006
131,0.08029556132790147
109,0.14534694264919784
62,0.5358960139069003
159,0.05824446141786721
131,0.12695156575884073
40,0.7622240266762718
86,0.22811396717896185
103,0.2371576015717843
70,0.4663654583603688
178,-0.0107625695351862
56,0.6315489169846111
53,0.6185468994615521
83,0.3618155582732537
174,0.02193100135173876
22,0.9223484332933526
48,0.6778167439195422
55,0.5901761975783667
118,0.15673763011669065
111,0.14315643092658006
145,-0.056326057028653856
151,0.08206081091009541
7,0.9908181293774526
15,0.9600634066146578
176,-0.033287097608355985
76,0.42687487297697946
185,0.03089705421416007
186,-0.011254285653946589
138,0.09096155197105818
183,-0.008071308247252421
172,0.0146319578083069
163,0.054029858522390124
31,0.8383016015685801
41,0.7421656872771657
54,0.6013245518738544
81,0.4020735807879805
41,0.7304952270788985
21,0.9280664064832452
33,0.8423253528709725
151,0.01639302011326539
58,0.6034497011920873
12,0.9769549494719295
53,0.638544992333305
193,-0.01830287318796224
33,0.8137510256054585
150,0.014943124500210006
43,0.7463001303373354
170,-0.05935262830471375
125,0.07368547585892445
37,0.7862914311587477
7,0.991203454636094
37,0.8058637252361514
69,0.44675913670592315
158,-0.009002621231342023
9,0.9854236551762412
76,0.440035819813652
45,0.7228030864521074
10,0.9825907028168236
15,0.9613957499099421
75,0.3961453100535983
96,0.1796905375526131
158,0.09362561694678215
195,-0.0554481216461036
44,0.7213872256738498
87,0.3263993765361141
144,0.03459503406630514
108,0.11877410651088532
146,-0.0011277278212785005
83,0.26562168893803995
37,0.7885897571268571
108,0.1488325743219592
54,0.6200864307916563
63,0.5437786677007606
50,0.6662823779580517
194,-0.008023229654434439
37,0.8026495454946381
187,-0.020371435959874794
20,0.9345643021651051
170,0.012819051480822574
190,0.031923331176520235
178,-0.008526876667288446
37,0.8149843175099429
58,0.5575901196222368
29,0.8787299006525362
27,0.899143649441648
131,0.017591881061000004
133,0.15906219030702515
136,0.0354037462515145
175,0.04425435523250662
168,-0.007408272648189023
192,-0.006308925939034559
37,0.8002003716207278
125,0.10822090476240302
101,0.21469453026480023
72,0.4998503006417505
62,0.5384631215299757
104,0.1770399162689652
38,0.7965864805954123
125,0.15411216984804657
28,0.8780515781709081
10,0.9827572631164448
127,0.1220096879994293
58,0.5858420508320313
112,0.16373676795840186
94,0.17723795403902923
17,0.9604461518422743
170,-0.01716999212205985
121,0.062360486589377886
146,0.07457251526990918
107,0.13579663090428373
105,0.21656760533319153
174,-0.04963705909025991
69,0.39445713431998997
18,0.9444103547097029
18,0.9499463434023255
24,0.9024085801243109
105,0.19082840112238003
91,0.24899908789939984
21,0.9308205506688959
60,0.5309879156361151
22,0.9105041443084102
28,0.8748792165237957
55,0.6233921595861701
165,-0.007243543448442926
174,0.001919578350363244
169,0.02432159940077956
108,0.21328697269630292
34,0.8398943957932768
89,0.17985715045489736
45,0.7080427475766022
114,0.10175316145984672
30,0.844770988643672
172,0.004126532928126887
54,0.6409877900370471
97,0.2742290135802345
22,0.9183513523310812
108,0.21248283103986135
140,0.013650717507968056
150,0.01964484403396147
121,0.06984510211974854
49,0.6759056923730667
147,-0.05026724975596127
76,0.3863903468050214
149,-0.02683166474244678
48,0.6406158942017179
26,0.8832117193799359
87,0.3431791472364649
30,0.8396250985498263
142,0.05113025869715165
170,0.03374251696595489
197,-0.031222424395715275
148,0.034906465164079865
54,0.6410116509394012
48,0.669123016097032
129,0.16105863307395782
145,0.11452046765812675
187,0.026135374179972276
185,0.023434573064559844
120,0.06943123319188937
164,0.026840493132640166
144,-0.003390557019452437
145,0.01918833143831159
136,0.060731434556933285
11,0.9783255926651843
55,0.6464859821550293
181,-0.0698734423524684
91,0.23223291199819637
187,0.07316147449461805
26,0.8787258898714168
6,0.9927130798303044
13,0.9669641571815726
66,0.475693994921485
151,0.10053440076859053
46,0.7163667729179868
143,0.03995436827193572
172,-0.003139121761891607
132,-0.02079382552545002
175,-0.009162356466319379
61,0.533202263004767
121,0.13604937825631436
157,-0.03363034553835714
174,0.05171416125587617
81,0.3250646200377494
102,0.25375100693852387
102,0.18663661858200095
136,-0.014642878357083139
196,0.061107694648515606
24,0.9015312660552209
122,0.10114805194449723
65,0.5003933929675201
194,0.04388426095300431
53,0.5905948240071516
120,0.17491505370786167
141,0.11078356068540929
44,0.689337838583632
152,-0.008876324399712188
23,0.9038938605781579
119,0.05741937663210278
78,0.41329641988867377
29,0.8452896801262026
158,0.0021212327421102316
57,0.5256097401490722
178,0.024544545091559074
105,0.18342990085821165
77,0.33023269794545007
161,-0.051930929423483714
124,0.10477693633530612
189,0.02951077014539342
12,0.9771847148346318
164,0.004671020946301591
162,-0.027182170690240818
76,0.41822119692727194
115,0.07439043680993873
123,0.06857698967767947
26,0.8656137351681588
195,0.06794718689391709
187,0.0114643694445315
55,0.5729958678446376
45,0.6358661190338617
144,0.03659869496826277
156,-0.009543650096372737
15,0.9433085636979918
41,0.7703063950784248
89,0.2249773699658419
90,0.171709219191549
18,0.9419043151086967
150,0.08331742331439258
122,0.038700435856383324
75,0.3998542019208286
115,0.09099036803635116
96,0.27564225325902325
143,-0.014955134678010183
97,0.2149463943302336
31,0.8028342087759607
85,0.31210924875300056
199,0.0087261866289807
135,0.06564556631323758
81,0.31935903168632246
29,0.8181914504251544
131,0.07316935530652577
60,0.5175606301320583
5,0.9950879791407956
143,0.04896416876901152
128,-0.019302706998438682
193,-0.004739031189377126
162,0.004453356915979296
189,0.023476799942254163
109,0.0834947350641673
36,0.7793832640209009
174,0.008402317104279302
102,0.11942207465039933
126,0.017308916307443037
166,0.01148756402801437
111,0.10048811918217544
170,-0.07621369644518311
22,0.897153842271924
37,0.7954475340239594
14,0.9688461514473745
33,0.8065644546938123
74,0.4152715490638374
145,0.07357445243626241
169,0.020125771410955243
189,-0.0443273592423818
44,0.6604621517605095
69,0.43451904314324047
164,0.03440728079974901
158,0.04160885319556864
162,0.027490074820171944
30,0.8302288900999829
151,0.05435594929283159
116,0.05136559191335763
151,0.017989324184285522
58,0.5746192233574763
120,0.09169106897250198
33,0.8126689488016601
147,-0.04068381322529705
168,0.011495458750683116
11,0.9741113263448088
159,-0.047038720995539594
174,0.006945795652591077
152,-0.03821009653997417
54,0.5684455045091913
143,0.03266806863830429
126,0.10609965359475494
137,0.03050546169183728
140,0.0024114815711639326
83,0.21091914266281114
131,0.06363716204929
191,-0.010924702437079896
82,0.3001976580898566
20,0.9129788534447827
83,0.40534904182175785
55,0.6084937606900097
161,-0.004115560476684012
71,0.42754501620344904
14,0.9579609731336463
40,0.7330543858051024
153,0.005503543597649892
78,0.2935096257309174
37,0.7601062933607283
116,0.05553943933634349
88,0.20771802931177638
79,0.3502129845191186
146,0.011355636700057873
100,0.17058669203870783
92,0.20320355941790605
92,0.19092549440671572
132,0.07458268388888238
122,0.036034819769409705
160,-0.08287534028911246
181,-0.04470658351036265
196,-0.01219316714779249
162,0.03652680857736135
185,0.018601067262291722
165,0.08139152178431855
158,-0.02432754520622238
38,0.7993731416946329
47,0.6984707520075375
158,-0.06054074464456094
33,0.8554515779384229
144,0.026802910075280902
122,0.04477104540553649
21,0.9300955739585243
113,0.014450027077381253
53,0.655728894440346
17,0.9571032980578124
68,0.5665254362862023
36,0.8228869244605769
199,0.07174406287791626
102,0.20459437434490074
175,-0.010320403177041427
188,0.01809009745586509
190,0.03784249552071715
9,0.988848412715061
120,0.1443711736612861
161,0.09553540724585627
92,0.31926317724095904
194,4.407117651557979e-05
52,0.7178070983148144
69,0.4670922468822468
6,0.9944149874157323
57,0.6150402393586154
128,0.11134241987835272
32,0.8435647885214508
107,0.22691688866494614
23,0.9096134212631989
139,0.09292656011151866
120,0.14268982298082333
134,0.04872473651385039
169,0.06630256806894419
89,0.246713602219885
24,0.9178506022494812
170,0.06723393858288015
96,0.2955196550122813
152,0.01632364029438855
140,0.051796325298976535
97,0.2310518371713084
96,0.2973478194395764
140,0.1012814991131868
102,0.21525796223374855
146,0.08852516823316739
44,0.7378337850821683
44,0.7263348471202716
10,0.98368803062539
6,0.9937830504718991
167,-0.01990531418937564
58,0.6010734496693367
185,0.06639190613205638
53,0.6545411809390199
29,0.8599992210259854
108,0.15918324782580964
107,0.16793438942060845
159,-0.00032868937088168323
140,0.09213340411710641
145,0.04545295934265417
37,0.8320447571173899
124,0.146542679771896
184,0.07350946436193483
120,0.10003530911396537
27,0.8939606071336546
134,0.046112442012618764
129,0.06370932913673552
10,0.9839351325043969
63,0.6001653791349527
168,0.09679575085828866
20,0.929207753861572
171,-0.01909690817063647
115,0.18392673359030887
175,0.0367678086424038
53,0.6214818108552587
13,0.9695815705187529
194,0.03597028158406878
38,0.8117420833388063
108,0.18246798957501592
24,0.919094753346627
181,0.0344238798970798
88,0.355126253968874
156,0.01411466126865248
26,0.9155924699580018
136,0.008249507109531994
130,0.1390202895219792
190,0.022670221938115496
195,0.03242856920981161
22,0.9279454593776637
109,0.19400417782282983
183,0.015140534697608723
169,0.08727984800449248
143,0.06115634942119117
127,0.083091644740944
45,0.725046271226364
13,0.9684644229300033
51,0.633968083004339
112,0.12100466402195828
5,0.9951540424057537
35,0.8159697501297074
81,0.3652487433147312
93,0.2599265281889784
21,0.9201803595005172
83,0.3623157726731502
170,0.033886687645620875
177,0.0014072818645048787
48,0.6429171779383925
127,0.14780984040892556
43,0.7372337679622706
182,-0.006176152517514222
29,0.8662771109377403
34,0.8087779097281789
190,-0.03194863609936968
155,0.10374741269424907
172,-0.015975535611070436
95,0.21695427433978728
69,0.4851605097445643
115,0.07746141706233328
121,0.05718781379219167
88,0.21400875921363083
85,0.34534824545333737
182,0.0896351065390212
176,0.04157136324843928
111,0.22701740886493768
189,-0.023546489808722072
153,-0.05285658706000013
129,0.022933731241195222
26,0.8784933182798534
187,0.07561080134270073
94,0.2359416133887345
182,-0.04618288844840243
37,0.7992351726212726
186,0.0567601716738402
118,0.1672549033049656
19,0.9462735584945696
6,0.9945263843608335
161,-0.025902976667153025
51,0.6441957190220499
20,0.9453306722632717
80,0.37713397890555045
25,0.8759018974340305
148,0.04838208896741684
157,0.031250723940517595
42,0.7397412157263574
154,-0.019566302761621097
152,0.03674919660808945
86,0.4010610853202957
33,0.8239439835056673
68,0.5622283618673682
149,-0.006692136212144842
62,0.5172621499799049
23,0.9164945388947269
99,0.253312412817797
17,0.9567799639749354
142,-0.06666618740630756
76,0.4124389450652449
82,0.37459952140903074
79,0.3606517245958188
159,0.059476266037938555
129,0.089107519541069
27,0.8674345330302826
23,0.9066830800185363
30,0.8599615855832986
102,0.20260582275490246
70,0.4339822080541468
33,0.8289251354050463
135,0.08205054576303657
187,0.014602680177488931
161,-0.007391842700086034
73,0.3982808409827394
108,0.12425801592313127
176,-0.008509770824025733
187,-0.030505284953182832
62,0.5851984689346068
81,0.3053730086901833
173,0.046873111170049046
116,0.1671612020326501
46,0.7118164356629307
71,0.45825512248045597
108,0.1814466837052089
13,0.9688023795133706
191,-0.013385016547211267
58,0.5818439364624121
26,0.9107162949199881
14,0.964585935871915
36,0.7858019747730054
114,0.08215595474187876
29,0.8546792453436013
86,0.3226109330469515
9,0.9870780528462709
162,-0.011401484240644797
194,-0.032280700570112654
45,0.7205412705306248
125,0.048357418377337646
80,0.2541107602632759
103,0.20732085131594763
57,0.5623942107619025
187,0.05198831668740979
103,0.12163709333595096
77,0.36420645926543194
59,0.5458476696604461
42,0.7170463338363287
197,-0.07252093781928161
98,0.1657932637122137
146,-0.037660436714541376
22,0.9115147897321436
59,0.46863221491355433
182,-0.01986039810576288
101,0.13362033967080583
140,0.04735804994956884
153,-0.019269319463056486
13,0.9626989026008814
132,0.047814014611901275
27,0.8711292017515804
25,0.8974060156803016
100,0.08049868708818145
83,0.3344835272541368
152,0.08100593964882058
169,-0.023083244348366394
124,0.06689478949030439
112,0.09745425104419332
113,0.11322293291949095
94,0.20514896235412808
125,0.16991300511687416
124,0.05113437023698562
171,0.0032622379725118205
68,0.42617637758155297
10,0.9857825159141616
87,0.29002521281390387
184,-0.03247660040493042
36,0.79707043609169
112,0.24342417454898296
177,0.0005816181713238935
176,-0.029774031020381553
162,0.0789854758335288
77,0.34824209876555196
111,0.2127981779758968
162,0.004328219188600025
85,0.26449141322244
44,0.6955011344669964
44,0.6802140669715891
109,0.15680683157957476
93,0.3032312790407266
56,0.5436133545011526
55,0.5853383174633393
50,0.6467138744720119
187,0.00958306868480337
37,0.783306328253685
76,0.37658477170084204
161,0.03875664059012122
7,0.9908102101634796
34,0.8004540893819351
162,-0.01602342936867334
92,0.19740238178830574
40,0.742571652526866
183,-0.045314848005763686
148,0.06629475313052274
189,0.057589149817951976
55,0.5713279498051507
42,0.7070831473631813
160,0.061238913587745435
53,0.5661596364740136
111,0.11517708602976333
63,0.4821028870357849
19,0.9304837351989519
97,0.14300500835972652
121,0.06376359128523283
147,-0.0045123844957548585
108,0.17669923031605614
14,0.9675425584187314
98,0.23857764018994523
173,-0.10750178867725448
177,0.015869812024996783
128,0.08443807857366366
189,-0.02392553078730492
100,0.2045696865031868
35,0.7730877082505181
190,0.024452650167112993
116,0.06934907949334479
188,0.06750193508538939
125,0.04971771873113677
91,0.25800894175566463
97,0.2057065138747451
34,0.7887047428358355
134,-0.03910259149762443
46,0.6451946869783496
153,0.055884761488462074
69,0.37683943065406
153,0.11775511708547297
35,0.8102705331013607
28,0.8476707911780231
73,0.29942806108921005
16,0.9469801953491143
112,0.14149559752071067
182,0.010594204592550388
142,0.01880395157210532
146,0.0662079260186935
155,0.04359358117925223
44,0.7155759370464277
68,0.38567948752877207
111,0.18780418463907422
69,0.4765751835352055
29,0.8618784088020187
18,0.942001949756618
24,0.8954816240579199
196,-0.024949969149000238
66,0.5890946990896048
177,0.06463786370536032
13,0.967415192883705
198,-0.01822398180051117
131,0.08298576919828286
15,0.9628271473234856
192,0.06234208505477215
96,0.27034476376039385
193,-0.014428131559643408
104,0.1976460067273876
106,0.12042479800506077
108,0.16031989340176986
144,0.058283467541892744
53,0.6294171501944179
22,0.9192064425152573
39,0.7483411987821887
180,-0.05986826866887398
109,0.20075891513650843
130,0.04942038139863407
15,0.957199957751196
150,-0.010438305821701577
40,0.7382391181929203
9,0.9876554820261967
158,0.05144988319074796
174,-0.02530897452927072
62,0.5358899612071812
163,0.060320000843097056
177,-0.06538545509006156
123,0.07965973181407261
123,0.13421986339259356
180,-0.04878173858665912
173,-0.026890746509349535
86,0.22276040073998266
92,0.18101525390313847
148,0.025268152959056826
168,-0.001491782200904941
188,0.04826806826596225
197,0.039533523066871586
90,0.30335518222532964
146,0.026775834031691065
27,0.8843826679707234
136,0.0286462680799806
8,0.9909118150288463
197,-0.03928560736848058
49,0.6752935002472368
139,0.0117239458287167
128,0.10961554971450227
147,-0.023367671070830494
105,0.158183137255271
47,0.6957856310347504
147,0.007588012621192804
15,0.964957463544398
187,0.03487542539999894
141,0.06347732825501604
43,0.7432027965855919
83,0.28673945299859555
6,0.9932100048475325
27,0.8996711556402545
155,0.03810401687704538
36,0.8015444577088326
18,0.9346494768271635
64,0.5695890236550287
65,0.47819636490424794
79,0.42151776880464004
31,0.8649948251958877
101,0.18708207476726335
21,0.9197543289895163
129,0.15316881266760204
45,0.7373899745985613
126,0.03671376809019931
117,0.0795088586939925
57,0.5946228193576795
121,0.13346106242049588
43,0.7057645363702647
182,-0.004647544342464357
11,0.9759647158107738
85,0.3660115439650723
138,0.05097815843706191
61,0.5835742119941488
74,0.4577731178703737
52,0.6289052719308207
103,0.1886455654582077
69,0.521106184242958
136,0.05125515544553139
104,0.1523200097606728
79,0.3421246316353724
96,0.21415440643328043
12,0.9716209689629055
74,0.36599803588153434
35,0.787068713781576
61,0.47653068830379325
110,0.09349162132705621
31,0.8468685851716992
71,0.4231940985408716
135,-0.02632165464664156
92,0.23639757602601819
168,0.015211796961678842
100,0.13326088990597898
68,0.4632426562215061
27,0.8638425623998018
65,0.49130716483919934
193,-0.00978231543337923
47,0.5962890432820454
28,0.8855892741951729
123,0.14033237058282327
7,0.9894851110488634
63,0.496222127190081
70,0.4067786128579275
55,0.5370363087468343
191,0.011501281801812693
106,0.140454531611791
91,0.30104021984322543
101,0.21228874947958812
70,0.37990800182864304
140,0.07415306166034986
169,-0.022233436419243125
83,0.2988324474354264
85,0.23292657600321345
33,0.8155524698305274
92,0.25799244737566884
26,0.8942967247098049
59,0.48011873691575285
68,0.4159487138447188
67,0.42171609702152185
172,0.03332422298137129
17,0.9474620232617817
17,0.9432988152932288
53,0.6127064650997275
139,0.049110489787233993
170,-0.013527803594423262
59,0.5749248857612911
91,0.19092702572317588
198,0.11590808508693483
105,0.10509133670585832
151,0.03151929715577832
127,0.0026090994773060924
74,0.3237191427830398
131,0.029201721742192252
102,0.14535772902946476
33,0.7967361516483129
19,0.9341919372813688
55,0.5464120864494407
138,0.07323147777891043
22,0.90217171032903
194,0.011801567864100424
61,0.5085367113945689
32,0.8266109847613943
146,-0.03018254948195898
104,0.10268715222759223
9,0.9836686349995439
72,0.435349776191089
131,0.026273776795853118
117,0.10888661386597667
86,0.2717776646757327
111,0.06039688183106772
176,0.015473772797164179
198,0.027187781498103566
19,0.9177681407706374
50,0.5687927284537976
111,0.13396809362333623
105,0.15069567234679443
186,-0.04024675931197029
21,0.9125955109099378
172,-0.06730058286388892
31,0.8297037350518145
107,0.20188120716570862
118,0.09155225080765189
12,0.9731107430431916
74,0.40415987290251465
55,0.6226855914011912
50,0.5488251039744979
74,0.353500229128087
109,0.07612709085857312
88,0.24757351043989642
22,0.9088803029988841
131,0.1154917568806993
50,0.6660086577313499
193,0.07627297376129105
28,0.8494595824571191
180,-0.010714392697680429
10,0.9799322713003772
157,0.0399017219838323
74,0.3776412477758528
83,0.24061954043811315
142,-0.00393253856509117
156,0.030399953766159143
128,0.15384731348532252
17,0.9564481306581416
16,0.9545938451628442
87,0.2478644321913241
194,0.04779538801286522
112,0.07202724327322528
151,0.10740910426236885
42,0.7740539611317258
50,0.7171983807225643
86,0.2655693864207541
63,0.5692441220638421
131,0.0327245370567585
192,-0.009736062335280517
199,0.004186375089980797
136,0.07462176707014823
26,0.9069948791577656
161,0.0692669489948193
69,0.4807430454602214
80,0.4018659629664726
39,0.7443462178462683
88,0.30525842774977424
174,0.04642694543889888
121,0.08153266997633173
6,0.9940022444410181
106,0.2172056679008182
125,0.0641291326098514
181,-0.022453200803076015
156,-0.022565281787061214
43,0.7498318702795487
51,0.717790705462932
129,0.03706346436892608
163,-0.050035086380583675
133,0.08675406416115566
194,-0.032608477834056716
187,-0.013215094470422711
61,0.5308095050514979
90,0.3487958277220929
91,0.3877451525500972
184,-0.05306619582544794
9,0.9882427250595237
51,0.7336802006889541
14,0.9656190839326465
159,0.0065657561839543655
188,0.06512120997590706
12,0.971494336058621
144,0.022318672975701948
173,-0.03413148051271322
42,0.7349469445368585
189,0.0439932220755156
52,0.6557266227763885
151,0.14909745844896102
47,0.6887705301127032
145,0.033047367256762224
34,0.8453856988933802
154,-0.0017817955404038238
86,0.2934492852098722
64,0.5061146977713157
31,0.8766020849674917
40,0.7949228214533635
7,0.991866973023009
116,0.20384882121954168
7,0.9926182217934633
26,0.9001656466773733
94,0.2494919357565128
167,0.08063596104612801
111,0.13674787490967236
130,0.043454898718493624
109,0.16401159723451886
81,0.3329142248526211
155,-0.005700426067935919
40,0.7883881527785376
185,-0.08309317427096928
74,0.3809188433577752
178,0.055661619827953056
154,0.01674548613704239
170,0.05475372468072495
10,0.9841826412803214
52,0.6582366477506147
18,0.94869520205047
54,0.6337259157717192
105,0.19275709025733706
196,-0.03750514264655653
62,0.5515862830250507
122,0.15823935967742497
65,0.5527214294432319
115,0.10365392404804427
32,0.839259317934725
12,0.974399904685924
140,0.016661530072899566
25,0.9053293318745146
161,-0.002049141842486376
109,0.204162522455374
74,0.43656743993954183
121,0.10854526994626593
16,0.9545556171197052
159,0.04681962330188786
187,-0.03607646177085016
157,0.030537390403742294
17,0.948095198966723
38,0.7999967995667878
138,0.010043212642649749
94,0.17673553906086276
15,0.9567624278900015
53,0.6244366930431609
155,-0.05190308149226231
15,0.96576381500249
73,0.47585513945110075
124,0.1114261779380893
89,0.24583593477757212
77,0.4016083983254234
59,0.4905586359295294
134,0.0806289051110964
167,0.017730244434676773
159,0.012842887768886013
138,0.009091131431675923
196,-0.030021303710121672
131,0.1748081814174153
93,0.24455862318021346
148,-0.03390071725002345
137,0.09331383650670719
106,0.1755943386359446
121,0.10199949952165316
141,0.06182071854824208
197,0.04236441869622702
121,0.05561820455819977
40,0.7547719608952729
7,0.991936860711103
134,0.10894534149098087
75,0.354365473915569
63,0.5212364819464839
173,0.00011182832570682109
127,0.10007946670032232
163,0.019102565659302836
61,0.554663499556111
46,0.7491886024703122
193,-0.06300925698548285
14,0.9644833072221608
106,0.1086316903830611
47,0.6649115996653954
193,0.013193384041962719
130,0.09040682923285506
96,0.23873251596650102
74,0.4791575042870285
56,0.6059248170677242
136,0.03819327463533573
91,0.3253560871901879
10,0.9830683268733784
186,-0.003497779704643426
125,0.19467713628123998
181,-0.028198709258353827
110,0.12029613046867178
21,0.9237223363586629
52,0.6325239420692551
44,0.7608605903638346
179,0.011265614502714145
90,0.30442076073244406
160,0.022642760814645984
156,0.025775022582089784
168,0.03949505883180022
60,0.5349944630609639
129,0.00031369292063826394
150,-0.028857723697882608
181,0.047606950818479675
192,0.028320605670326227
15,0.9625650428201409
34,0.8251857797092346
19,0.939797489678014
116,0.16927208331424506
67,0.4773643328688746
65,0.45154547013303403
35,0.8249653388381757
11,0.9791548243047304
68,0.4106340728750128
74,0.4005540192771912
104,0.25574620239991736
144,0.05870704112190658
166,0.15475043182467518
28,0.8673412560327277
164,0.024891083885216894
132,0.09377809793250236
9,0.9859732320869607
34,0.8208889492522635
53,0.6152346623167382
9,0.9847496324382109
8,0.9883557995898749
41,0.7109845634533057
126,0.06963549232759167
155,0.13658405651497657
114,0.11266529076879007
104,0.1486446107685906
23,0.9162103449301155
90,0.2642081282754989
155,0.05396673261006262
199,-0.09968314872899058
14,0.9629384046635725
89,0.28476595481788597
24,0.8768350092760059
155,0.07110912477250643
144,0.016464741453070218
108,0.21896160691033126
32,0.8531132396859363
157,0.09363018293342464
30,0.8380177911796456
113,0.15401696446323757
131,0.05694525421263494
60,0.5932278737154957
124,0.2194552767122368
70,0.5064178857565197
198,-0.022207444617035298
197,0.04977371185228411
146,0.08789246961646409
162,0.0660841356361018
34,0.8451111794644646
156,0.03374518136367462
193,0.0632613126528108
180,0.016823224357035295
43,0.7777229133721557
122,0.17571387562356072
27,0.8986329154745333
44,0.7440628470025314
38,0.8010535658168809
168,0.043024088077645
110,0.23692680256345647
112,0.1674081381336733
188,-0.017023363758083897
112,0.19170226534285442
191,0.05697481554877673
16,0.9571270961865052
66,0.47880538158551067
15,0.9613345452875645
195,0.041511462854459495
21,0.9386037768335446
81,0.39244775919903996
187,0.07616312082389695
22,0.9307312396780967
137,0.0775501828657868
176,0.05204513314612952
50,0.6958736583380386
178,0.04748522455038784
65,0.5560142993573578
167,0.03415054542582447
62,0.5647341689239341
188,0.010327528368214848
58,0.6440590281049776
166,0.03828045603347909
10,0.9820290724824466
104,0.2100347906700899
188,-0.011502723385179213
36,0.843960294294707
84,0.383011015307499
103,0.23988433135291876
32,0.8495149510438634
181,-0.0010297681880534705
153,0.07869706248540173
76,0.48627383923537093
158,0.044732619961701796
101,0.21785954990135617
99,0.2606478493164436
12,0.9776369540717641
71,0.5040505851593179
138,0.0016638130917669889
58,0.6292196974073471
127,0.07442350071085199
48,0.7227217986443869
22,0.9286701545306802
144,-0.008968492455136572
163,0.038632005715640697
177,-0.008128527295872991
27,0.9009801128343184
114,0.18696880019331316
143,-0.0018243640975248005
94,0.27739975180298176
184,0.026826376145112615
174,-0.03089202472489567
14,0.970967336838597
178,0.11488968253858264
80,0.32910109146501787
78,0.3990564502231553
153,-0.054528621169873025
52,0.674937726198893
72,0.4259704564803415
193,-0.01594686629754952
199,-0.06464559776058522
175,-0.0189162138478205
173,0.042377782819501705
9,0.9893362029303598
21,0.9306983837221596
88,0.3050063371287561
128,0.09985169805068377
58,0.6036442286546121
150,0.17903309937350054
6,0.9935705151075549
28,0.8926030554680987
63,0.5279459579661226
18,0.9480511290027065
168,0.06489723975256029
198,-0.030125873093283895
67,0.3779040492521446
43,0.7327207889644267
94,0.27332733811473564
190,-0.055770773511813504
60,0.5756628861978291
117,0.0652168628489439
115,0.14024727886349922
90,0.32763661610639366
101,0.21254903915911785
178,0.01073432287207163
154,-0.07806060887453165
27,0.9053421335239732
186,0.025940998781033352
177,0.03592533137140929
172,0.014004246227595352
20,0.9385030044072794
59,0.5725340207647535
178,0.03388563031512529
27,0.9084472544038731
79,0.4161941230980385
50,0.6785722956274213
76,0.3761060266382981
168,0.007049025733579144
82,0.35158098689010003
174,0.009511464275140175
96,0.2741898842370806
110,0.1112638472318328
47,0.7298993533751668
155,0.06153653551445506
14,0.9675927335617546
95,0.22549167990065624
141,0.0672822062390267
131,-0.03247490556323883
110,0.17715271051265263
10,0.9826336207043046
140,0.04631973118133772
14,0.9668926953925713
16,0.9580248156043896
54,0.634233094421892
50,0.6757137436263676
179,-0.004366366118630296
172,-0.05616271545429483
30,0.8566089293794616
182,-0.12492667253256436
34,0.8123748372203654
68,0.5189156682185675
62,0.5468568004320894
128,0.05644874997212928
180,-0.020942068596842084
99,0.18006725255326939
58,0.5184327673917661
172,-0.05181716996264282
160,0.08884592787345319
136,0.017431240617596336
178,0.08682380715014477
36,0.7750971878000921
57,0.5251076612382367
125,-0.008822097267345098
89,0.14830967642905507
104,0.16141572179120237
189,0.01676247247321166
49,0.5840958367906749
159,-0.006374328259504756
116,0.05237413640145522
51,0.6394427760095838
50,0.6041752678104464
58,0.48709676680086883
182,-0.009949895742778074
81,0.27307505599019744
145,0.012468352866784304
60,0.4879513460033854
187,-0.021065171326547245
143,0.05205531641147333
153,0.030590762241361577
131,0.03651961670811378
108,0.14950067243195816
70,0.40814791610591455
92,0.1766204839839296
87,0.3054340450382105
144,0.03556595651121496
8,0.9875420656695295
89,0.22171523571843618
153,-0.06804735136330609
36,0.7681593913751364
27,0.8501501795902234
165,0.04636271515946796
35,0.7557484605201691
31,0.8654181852998374
172,-0.020495053818424674
119,0.11433689362050815
192,0.041014286392288726
149,0.010011287193674043
139,-0.045712130649569443
102,0.16557705832665123
148,0.08066300623132618
46,0.6233039700997652
19,0.9251200080133795
173,0.11836236595089392
31,0.8802904849073054
18,0.953675086661012
65,0.5789724576230341
29,0.9090698826861715
176,0.008270280884667513
171,0.1285958142685019
65,0.5796944051179598
35,0.8621716458477853
149,0.02579971543179852
62,0.6023362627654892
26,0.925817436351887
7,0.994688505552679
51,0.7404038558749453
151,0.07340132635754773
41,0.8258791317851107
28,0.917581103587653
165,-0.04751538567077151
120,0.20185446820990943
86,0.40489292595190557
189,0.09389296919218729
159,0.10593129080914089
129,0.1407301352411421
10,0.9881055741573729
197,0.03749898147125342
8,0.9918205859118312
176,0.016128651991558513
128,0.17618068811744597
195,0.016742571241727403
189,-0.04147769564133944
52,0.7184225089177518
97,0.3973241210099103
46,0.7481040286838886
164,-0.0009901544569383123
113,0.18206627654355506
177,-0.0009107337404405429
159,0.013623995083376129
20,0.9459167672631518
199,0.09188132331207739
186,0.005586749416680937
5,0.9965238570347654
28,0.8979231197953447
173,0.08447453675389896
155,0.08147820200583845
142,0.03925379348257232
143,0.044106309556513686
42,0.800455068682925
179,0.04089997856091393
46,0.7700588144299055
73,0.3123987272415957
179,0.04718974181691282
121,-0.06991440423198249
114,0.01916115518860519
125,0.06331107913662454
71,0.3136308639365688
87,0.22271122747688282
109,0.08522539018613276
137,0.07600705696123598
120,-0.021505053678902892
84,0.14257436892704356
7,0.9890716305573523
168,-0.003992354921875711
72,0.30093704398177956
69,0.2837188200550978
160,0.0083311583588736
130,0.13442995352853
163,0.000259318052205256
132,0.07178108571461128
38,0.7137718762976464
155,0.03781720904902976
119,0.07411191735082881
74,0.3141893611435852
9,0.9795522177780448
118,-0.03460457189170707
191,0.0692979670404531
195,-0.05115309938881854
177,0.012718674378357752
77,0.22827621663231001
22,0.9045886785983108
64,0.4153371329734738
72,0.39659820569292037
140,0.0414882071502957
114,-0.0013999456302582333
60,0.43111106424169665
23,0.8801840177986019
155,-0.026435059648014438
146,0.036337085910643226
166,0.07812004588531733
91,0.18527549014133252
110,0.04107009535448598
53,0.4707310714085405
92,0.18241160175540985
160,-0.03457321290260922
140,0.025043774481403717
167,0.043001420651684344
92,0.04435293571016667
163,-0.02253330564576267
97,0.12229211624266527
98,0.16391040931762202
13,0.9608726285845909
149,-0.008660309299797709
155,0.0009162355857441742
32,0.7712622017936941
93,0.05272351468975011
158,0.030280107922924692
118,0.04537011673369887
134,0.031161748671863995
173,0.02013953426218402
71,0.321189474392088
67,0.441691820228469
33,0.77698191458909
138,0.011469960645918691
180,-0.017391745100618885
171,0.021129510644410807
82,0.2675699938958632
49,0.643723379853638
13,0.9603497414785519
44,0.6682737019349493
72,0.3009310211825698
176,0.020897804281386597
150,0.021237793555800282
48,0.5593544727524868
61,0.453562908119656
12,0.9681898336534686
121,0.06841783993128464
160,0.03588171234297203
58,0.46461044912974553
137,-0.03207099883815722
77,0.3113437201905716
98,0.1286972341919089
112,0.12783904456191442
83,0.2867129917839888
189,0.044618330900270224
93,0.06114664511317772
126,0.0189900309495264
85,0.2038104848035008
97,0.20498760258922263
169,-0.047096198242694294
59,0.4611514800960146
57,0.4765845659308567
157,0.031235962687020318
147,0.11065917269861195
168,0.05130037708175199
135,0.03658128829835804
12,0.9700675785534865
81,0.30198316860486774
95,0.2393693507067561
110,0.15711931124344536
141,-0.0126871889734101
146,-0.010566204005619074
77,0.32291133686839124
149,0.09173693098820798
147,0.005007371384775831
179,0.022998353085638152
147,-0.002902658468971965
74,0.3479635447195944
173,-0.03532123501175299
140,0.0394095671600726
78,0.28845621078747885
194,0.034280030174115794
60,0.47671842999686587
69,0.4062934350904915
178,0.014654469796903057
166,-0.04994702031690636
85,0.20806588937761442
119,0.06100235086337706
135,0.021493805777021025
61,0.47566258943833234
111,0.134306182737981
102,0.13549055347042666
120,0.016632260824422603
170,0.005313148062102138
65,0.4570158918570724
135,0.02145237781772312
36,0.784551922890753
77,0.36845308726384723
172,-0.014208963413823697
50,0.569826112184033
130,0.09797013452897724
110,0.08846201080576281
44,0.6401929134425509
165,0.049363388864548094
198,0.014853891723581673
181,-0.038002915299763865
55,0.5986167469241415
192,0.05930924479827271
64,0.44526496156243245
6,0.9924436491508535
172,-0.07088053967125948
27,0.8713102248822908
28,0.8612542596778564
187,-0.03436952100772227
68,0.3662089553793402
179,-0.044382443093221584
158,0.08964743349792934
180,-0.08953699542277294
107,0.05191249788336295
106,0.07893497453309548
143,-0.09025896799195897
129,-0.009726999656329656
139,0.036458394073346195
29,0.7964832288398067
103,0.08220531178551713
127,0.0028448190714338716
128,-0.05421363834093178
149,0.06051131614535565
138,0.03646425526614978
116,0.04501484585960619
117,0.07324141069710562
72,0.33721551332612315
61,0.42131103259669767
46,0.630566500308684
46,0.6328635708845739
9,0.9813620372615878
36,0.7066200612667244
60,0.3824566717235742
125,0.05130200533163041
97,0.11210684510160394
139,0.0513417585142539
111,0.050300369545699185
99,0.13505975550138238
173,0.008650343696543968
24,0.8627228457980313
162,-0.04956108422224863
70,0.3288739308177095
146,-0.006181486326779986
176,-0.053502720634182266
52,0.5623705277327521
51,0.5394248047233862
149,-0.003281985467680392
71,0.3715444701121087
45,0.6334723340576106
174,0.009653995813963421
80,0.19823404524438237
178,-0.030222243055925413
112,0.07144066538890119
170,-0.08119435260746065
120,0.06822924479693743
127,0.017111263499334603
22,0.8779180572689297
81,0.11209284454606581
166,0.028122437593600606
147,0.059793660917213255
171,-0.020034672116645072
178,-0.006013696316995734
117,0.14425653171535638
196,0.06272951008512438
110,0.10390059778565781
196,-0.018012513394180002
116,0.010380148007581
76,0.31944988022208876
46,0.6707408426612239
171,-0.017760865721425552
6,0.9939773733271529
117,0.049020510072129736
54,0.5690668010204822
84,0.32428197205120984
190,0.03366848643676734
36,0.821202378046873
199,0.0006093574436808267
40,0.7344518480171658
182,0.02929681073165617
167,-0.027562493722374865
132,0.05646608661915229
40,0.687389330225134
41,0.7112902606006489
188,0.012721308975458683
165,-0.012562449616332143
83,0.3009850500859407
35,0.8069549122333496
44,0.703684443834133
58,0.5434948602242825
150,-0.014941351022648618
163,0.02573177216392991
98,0.1910132367168777
23,0.8879075224326273
114,0.025228165579840253
136,0.05875459404748858
108,0.15519236920102122
20,0.9317442141626652
111,0.15569233984845401
95,0.23047999643409245
73,0.378043174741447
194,-0.0395097456471878
134,-0.018352063490447188
151,0.027531435792661565
118,0.14737831364531373
145,0.0429491993404034
86,0.24690465929564862
190,0.06522130809718929
141,0.025130645264089046
147,0.11975189535686535
112,0.15711492711382455
115,0.15496953881015896
99,0.2512180138041623
35,0.8240076116340999
11,0.982530378861908
109,0.23949778233498176
192,-0.017664952131018367
116,0.10461686117694591
10,0.9872722635513612
14,0.9747198811084026
99,0.22893509210080112
20,0.94648313036073
32,0.888720813206482
51,0.7355838904761276
189,-0.011886474164658165
77,0.4931693857607521
127,0.1527038378026744
175,-0.012006368877201664
170,0.003427931797027551
7,0.9926310098845047
14,0.9734350806957169
103,0.24779615130409446
5,0.9963058310018376
167,0.06440697107062045
127,0.13676183155610191
151,0.044902966568333064
15,0.9704652452177865
126,0.06954582229317159
75,0.49401711218267036
128,0.0891625226023738
162,0.05073973379095749
90,0.43038696170311397
152,0.009917758510787373
133,0.13896635534140536
42,0.7882675465931788
180,0.08384746366670343
12,0.9812177890149946
142,-6.42872167467103e-05
14,0.9710796917734575
174,0.015275841181237846
199,0.058562238400219305
199,-0.038290194117355666
15,0.9730648040902131
194,0.017752184940081333
76,0.4928480736959934
182,0.07342293622860649
113,0.2275110974685802
88,0.37270216188183264
72,0.5188999486821163
186,-0.025882200238487515
53,0.6780323643129327
22,0.9135344443996765
182,-0.04079369879687996
28,0.8865305172039767
19,0.9499432812677168
112,0.08155211227778741
7,0.9906352982944101
49,0.6729724971223474
174,-0.006579068339943251
53,0.634489633736061
94,0.27698825684160655
154,0.037033624038726363
154,0.024171631210944868
139,0.012500906416692336
193,-0.041733078835184616
183,-0.030985840545511692
108,0.1456008526572646
140,0.010546630132290112
47,0.6488679571006754
159,0.030897064307412934
76,0.3909436360909456
111,0.22165564073125932
85,0.2859403457079111
158,0.0645613932744442
156,-0.010199296858836958
90,0.25884972042598053
58,0.579168069841539
34,0.8553725766944845
78,0.2982653245333414
146,0.018289164697542392
31,0.8428034364253293
164,-0.02586939296059855
21,0.9262466545271684
23,0.9120839923311379
184,0.04964455496823945
34,0.8294650849256964
83,0.32598403424285394
194,-0.04945195071433716
175,0.045060481297504236
51,0.6727177613177348
131,0.1753335618849493
76,0.3179427954367228
177,0.04051414998241701
113,0.15772501499293354
38,0.8170516355039671
62,0.5237114826818602
163,-0.023112946135483987
160,0.04487658349192531
28,0.8884767929448959
18,0.9486874834434337
