Lasso,ENet,SGLasso,DMP,CDReg
cg11732134,cg11732134,cg02896266,cg04021697,cg03680338
cg10987347,cg10987347,cg00976181,cg24375409,cg03854238
cg23714660,cg05873085,cg06531475,cg16732616,cg26055062
cg05563515,cg23714660,cg00582671,cg25622366,cg06052090
cg10725623,cg05563515,cg09756115,cg07974511,cg17319788
cg13798912,cg10725623,cg13100600,cg21472506,cg20773588
cg04395498,cg13798912,cg25774148,cg22674699,cg27598340
cg23015664,cg04395498,cg02288964,cg16768018,cg20041612
cg13384850,cg23015664,cg16318112,cg03544320,cg01461514
cg22977397,cg13384850,cg09248054,cg06183338,cg01923099
cg11769461,cg22977397,cg22627753,cg00582971,cg09487611
cg11067712,cg11067712,cg10579718,cg13246235,cg06204922
cg24461063,cg24461063,cg14220262,cg02772121,cg16907029
cg24626542,cg11006288,cg07624812,cg27260772,cg26590537
cg11006288,cg22908922,cg03402404,cg27252696,cg08832227
cg22908922,cg01451203,cg08621441,cg07044458,cg02793415
cg01451203,cg02981208,cg18386618,cg26521404,cg04458985
cg02981208,cg08872248,cg02297801,cg14625175,cg15027358
cg08872248,cg03277434,cg06835814,cg27032232,cg13331526
cg03277434,cg00185004,cg14639753,cg20399616,cg12440751
cg00185004,cg14823851,cg02058628,cg04415798,cg22669120
cg14823851,cg05104283,cg10582871,cg14754787,cg09488184
cg05104283,cg07099767,cg23714660,cg19760241,cg08999764
cg07099767,cg01976960,cg23015664,cg24114556,cg15941945
cg01976960,cg12459280,cg14754787,cg03502002,cg11344013
